English word,Source definition(s),Miami-Illinois word,Stem form,Stem definition,Initial,Initial definition,Medial,Medial definition,Final,Final definition,Grammatical Strategy,Semantic Strategy,Comments
African-American person,African American,mahkateelenia,mahkateeleni-,,,,,,,,,,
American / white person,American,mihši-maalhsa,mihši-maalhs-,American,maalhs-,knife,,,,,calque,metonymy: associated attribute (artifact),
APPLE,,mihšiimina,mihšiimin-,big berry,mihši-,big,,,-imin,berry,derivation: primary,metonymy: associated feature (size),
APRICOT,,---,,,,,,,,,,,
Asian person,,---,,,,,,,,,,,
baby,"infant, baby","apiloohsa, apiloohseensa, piloohsa, piloohseensa",,,,,,,,,,,
banana,,keekaanwimini,keekaanwimin-,it is a long berry,keekaanw-,long (of body parts),,,-imin,berry,derivation: primary,metonymy: associated feature (shape),modern coinage
BARLEY,,---,,,,,,,,,,,
bear interest (money),,---,,,,,,,,,,,
beer,it is foamy water; beer,peehsihkikamiiki,peehsihkikamii-,it is foamy water,piihsihk-,"foamy, frothy, scummy",,,-ikamii,water,derivation: primary,metonymy: associated substance,
BEET,,neehpikiciipihkiki,neehpikiciipihkiki-,it is a red root,niihpik-,"blood, red",,,-iciipihki,root,derivation: primary,metonymy: associated feature (color),
bicycle,"bike, bicycle",teehtipihsaata,tehtepihsaa-,,tehtep-,roll,,,-ihsaa,go fast,derivation: primary,metonymy: associated action,modern coinage
"bison, buffalo",Bison (Bison bison),nalaawahki lenaswa,,wild-cow,,,,,,,compounding,,
"bison, buffalo","buffalo, bison, cow ox","alenaswa, ilenaswa",alenasw-,,,,,,,,,,
BOARD,"board, plank","peepakihšiwi, peepakihšiki",papakihši-,it is flat,papak-,"thin, flat",,,-ihši,it is wood,derivation: primary,metonymy: associated feature (shape),
BOOK,a reading book,"wiintaakani, weentaakani",wiintam-,"name it, read it",,,,,-aakan,instrumental,derivation: secondary,metonymy: associated action,
BOOK,"paper, book, writing",mahsinaakani,mahsinaham-,"owe it, buy it on credit",,,,,-aakani,instrumental,derivation: secondary,metonymy: associated action,online dictionary omits 'book' definition (see 'paper')
BOTTLE,"bottle, glass, jar, vase",sakinteewi,,,,,,,,,,,
BOX,"wooden dish, bowl, box","táwaanilaakana, táwaanilaakani",ahtaawani-alaakan-,stick-dish,,,,,,,compounding,extension,"I think Dave Costa has this analyzed as 'dish' becoming a deverbal final instead of a straight compound. The expected 'box' cognate mahkahkwi exists but is glossed as 'barrel, cask'"
BOX,"wooden box, trunk, thousand (dollars)",mihtekowalaakani,mihtekowalaakan-,wooden-dish,,,,,,,compounding,,
BREAD,"biscuit, bread, muffin",waawiinaakani,,,,,,,-aakani,instrumental,derivation: secondary,,
BREAD,wheat bread,pahkweešikani,,,,,,,-aakani,instrumental,derivation: secondary,,
bucksaw,,---,,,,,,,,,,,
BULL,"buffalo bull, cow bull, male animal","kiišiwa, kiinšiwa",,,,,,,,,,,
BUTTER,"oil, grease, lard, tallow, butter",pimi,pim-,,,,,,,,,,
BUTTON,"nail, button","sakahaakana, sakahaakani",sakaham-,"fasten it, nail it",sak-,"fasten, attach",,,,,derivation: secondary,metonymy: associated action,"Gatschet: animate = button, inanimate = nail/screw. Dunn: inanimate = both button & nail/screw"
CABBAGE,"cabbage, lamb's quarters",weepinkopakahki,wiipinkopak-,it is a gray leaf,wiipinkw-,gray,,,-ipakw,leaf,derivation: primary,metonymy: associated feature (color),Dunn says Peorias use this for lamb's quarters
CALF,,alenasoonsa,alenasw-,"buffalo, bison, cow, ox",,,,,,diminutive,derivation: secondary,metonymy: associated feature (size),
Canadian person,,---,,,,,,,,,,,
cancer,"bug, insect, worm","moohsia, moohseewa",,,,,,,,,,semantic extension / metonymy: associated feature (shape),(Tr = ‘gub worm’; LB also = ‘cancer’)
CANDLE,"candle, oil lamp, light",waapantenaakani,waapantenam-,"make it light, bright",,,,,,,derivation: secondary,metonymy: associated action,
car,,šoohkwaakana,šoohkwaakan-,thing that glides > sled/wagon,,,,,,,,extension,"originally attested as an inanimate form meaning 'sled, wagon' (appears in Illinois documentation)"
car,"elastic spring, buggy, any vehicle with springs",šoohšoopaakihsaaki,,,,,,,,,,,
casino,,---,,,,,,,,,,,
cast-iron pot,,---,,,,,,,,,,,
CAT,"cat, bobcat",pinšiwa,,,,,,,,,---,,
CHEESE,cheese,noonaakanaapowi seenahaminki,,milk-squeezed,,,,,,,compounding,metonymy: associated action,
CHICKEN,chicken (general term),pileewa,pileew-,"turkey, chicken",,,,,,,---,extension,
CHICKEN,,aankwaahikwa,cf. nintaankwaahiko,I sweep,,,,,,,,,associated substance = feathers?? Extension from sweeper/broom?
cigarette,,---,,,,,,,,,,,
CLOCK/WATCH,"sun, moon, month, clock",kiilhswa,kiilihsw-,"sun, moon, month",,,,,,,---,semantic extension (function?),
COFFEE,,kaahpi,,,,,,,,,borrowing,---,
COFFEE,,kaahpicaapowi,,,,,,,,,borrowing + secondary derivation,---,
COFFEE,,kociihsaapowi,kociihsaapow- [<kociihs + -aapow],bean liquid,,,,,,,derivation: secondary,metonymy: associated substance,
COLT,,---,,,,,,,,,,,
compass,,---,,,,,,,,,,,
computer,,kiinteelintaakani,kinteelim-,it thinks fast,,,,,-eelim,mental activity,derivation: primary,metonymy: associated action,modern
cookie,,---,,,,,,,,,,,
CORIANDER,,---,,,,,,,,,,,
COW,,"noošiiwa, noošia",,,,,,,,,,,
COW,"buffalo, bison, cow, ox","alenaswa, ilenaswa",,,,,,,,,,semantic extension,
crosscut saw,,---,,,,,,,,,,,
CUP,,"minehkwaakani, minehkwaakana",menehkwaakan-,instrument for eating soup/drinking something,,,,,-aakan,instrumental,derivation: secondary,metonymy: associated action,
CUP,"cup, dipper",minaakani,min-,s/he drinks,,,,,-aakan,instrumental,derivation: secondary,metonymy: associated action,
diaper,,paankonaakani,paankon-,"dry him/her (by hand), change his/her diaper",,,,,-aakan,instrumental,derivation: secondary,metonymy: associated action,
DONKEY,"mule, donkey","keekaanohšia, keekaanohšiiwa",keekaanohšii-,s/he has long ears,keekaanw-,long (of body parts),,,-ehšii,ear,derivation: primary,metonymy: associated attribute (inalienable),
doughnut,,---,,,,,,,,,,,
drill,,---,,,,,,,,,,,
elephant,,weepinkwilookia,weepinkwilooki-,s/he has gray skin,wiipinkw-,gray,,,-ilookii,skin,derivation: primary,metonymy: associated attribute (inalienable),
elevator,,---,,,,,,,,,,,
European person,,---,,,,,,,,,,,
fish with a hook,"go fishing, be fishing (with a line and pole)",peenkihkwaašikwaani,AI from nonattested TA stem *pankihkwaal-,,,,,,-ihkwaal,sew animate,derivation: secondary,,
FLOUR,"flour, wheat flour, wheat","noohkimini, noohkimina, loohkimini, loohkimina",,,,,,,,,,,
FORK,four-pronged fork,neewikoleeki,neewikolee-,it has four noses,niiwi-,four,,,-ikolee,nose,derivation: primary,,"different initials for two pronged forks, three pronged forks..."
French person,Frenchman,meehtikoošia; maamihtikoošia; weemihtikoošiwa; weemihtikoošia,,,,,,,,,,,"four closely related variants, all basically the same ""wooden boat"" forms attested in neighboring languages"
frying pan,,oonsaayosaakani,oonsaayosam-,s/he fries it,oonsaaw-,"yellow, brown",,,-esam,act on it by heat,derivation: primary,metonymy: associated action,modern
GARLIC,"onion, garlic","wiinihsihsia, wiinihsihsiiwa",,,,,,,,,,,
GARLIC,"Skunk (Mephitis mephitis), Garlic (Allium spp.), Wild Ramp",šikaakwa,,,,,,,,,,,modern
German person,,meeleewaatawia,maleewaatawee-,s/he speaks a bad/ugly language,malee-,"ugly, bad, evil",,,-aatawee,speak such a language,derivation: primary,metonymy: associated sensation,
German shepherd,,---,,,,,,,,,,,
GOAT,"goat, stink bug, dung beetle",paapiicihšia,cf. nimpiici,I stink,,,,,,,derivation: primary,metonymy: associated sensation,
GRAPES,blue grapes,kiišiipitonisinki,,mouth itches,kišiip-,itch,-iton-,mouth,,,,metonymy: associated sensation,(D = ‘tickles mouth when eaten’ & ‘the wild grape that ripens first’)
GRAPES,wild grapes (coon grapes),ciipaahkamini,,,,,,,-imin,berry,,,
GRAPES,Fox grape (Vitis labrusca),waawiipinkwahki,waawiipinkwat-,,,,,,,,,,
GRAPES,"Grape (Vitis spp.) / grape, raisin",aahsanteepakwi,aahsanteepakw-,,,,,,,,,,
"grill, roasting frame",,"apwaakani, apweekani",cf. apwaal-,"broil, roast him/her",,,,,-aakan,instrumental,derivation: secondary,metonymy: associated action,
guitar,"violin, guitar, fiddle",noontaahkwaapiikahaakani,noontaahkwaapiikahaakan-,,,,,,,,,,
gun,,papikwani,cf. pipikwani,flute,,,,,,,,,
hammer,"hammer, pestle for pounding corn",pakantaakani,pakantam-,"hit, strike it",,,,,-aakan,instrumental,derivation: primary,semantic extension (from pestle term) & metonymy: associated action,
hardware store,,---,,,,,,,,,,,
HEN,,kweehsia pileewa,,,,,,,,,,,
HORSE,,"neekatikaša, neekatokašia",,single claw,nekatw-,one,,,-ikašii,claw,,,
HORSE,,waawiiwaši-neekatikašia,,carry.a.pack-horse,,,,,,,,metonymy: associated action,
HOUR,one hour,nkóti aantapita kiilhswa,,the clock moves one,,,,,,,periphrasis,metonymy: associated action,
house,"dwelling, house, lodge, wigwam",wiikiaami,,,,,,,,,---,semantic extension,
house,my house,niiki,-iik-,"house, home",,,,,,,,semantic extension,dependent noun
house,frame house,"peepakihšikaani, peepakaahkihšikaani",cf. papankihšeewi,"board, plank",,,,,-ikaan,instrumental,derivation: secondary,,
HUNDRED,"one hundred, 100",nkotwaahkwe,,one bag of corn,,,,,,,,,"only original meaning, in oldest records"
ice cream,,weehkapatenki,wiihkapaten-,it has a distinctive flavor and is cold,wiihkap-,"sweet, salty (distinctive/strong flavor)",,,-aten,it is cold,derivation: primary,metonymy: associated sensation (taste+temperature),modern
internet,"I talk on the phone, use the internet",aacimwaapiaani,aacimwaapii-,,,,,,,,,,modern
KEY,,paahpahaakani,paahpaham-,lock it,,,,,,,,,
laptop/iPad,"small computer, laptop, iPad",kiinteelintaakaanhsi,,,,,,,,diminutive,derivation: secondary,metonymy: associated attribute (size),
LEMON,,oonsaawimini,oonsaawimin-,yellow berry,oonsaaw-,"yellow, brown",,,-imin,berry,derivation: primary,metonymy: associated feature (color),
LETTUCE,,---,,,,,,,,,,,
MARE,"female animal, mare, female dog",ahkweehsimwa,,,,,,,,,,,
MATCH,,pahkwaaleehsihtaakani,pahkwaleehsitoo-,"strike a light, match or flint",,,,,-aakan,instrumental,derivation: secondary,metonymy: associated action,
MATCH,"torch, match",sahkahaakani,sahkaham-,"light it, set fire to it",,,,,-aakan,instrumental,derivation: secondary,metonymy: associated action,
microwave oven,,---,,,,,,,,,,,
MILE,,---,,,,,,,,,,,
MONEY,,"šooli, šoolia",,,,,,,,,,,
monkey,,eelaalaahšiwia,alaahši,pick lice from him/her,,,,,,,,metonymy: associated action,
MULE,"mule, donkey / Mule (mulus)","keekaanohšia, keekaanohšiiwa",keekaanohšii-,s/he has long ears,keekaanw-,long (of body parts),,,-ehšii,ear,derivation: primary,metonymy: associated attribute (inalienable),
MULE,"half horse'; i.e., a mule",napale neekatikašia,,half horse,,,,,,,,,
musical instrument,"music, musical instrument",noontaahkwahaakani,noontaahkwahaakan-,thing that shouts/makes noise/makes a cry,,,,,-aakan,instrumental,derivation: secondary,metonymy: associated action,"Dunn: Fiddle, violin; Gatschet: piano"
NAIL,,sakahaakani,sakaham-,"fasten it, nail it",sak-,"fasten, attach",,,,,derivation: secondary,metonymy: associated action,"Gatschet: animate = button, inanimate = nail/screw. Dunn: inanimate = both button & nail/screw"
NEEDLE,"needle, pin",šaaponaakani,šaaponaakan-,thing that pierces/goes through,,,,,-aakan,instrumental,derivation: secondary,metonymy: associated action,
Norwegian person,,---,,,,,,,,,,,
OATS,"oats/wheat; oats, rice, wheat","aloomini, naloomini, laloomina, maloomini",,,,,,,,,,semantic extension,
office,,---,,,,,,,,,,,
ONION,"onion, garlic",wiinihsihsia,,,,,,,,,,,
ORANGE,,---,,,,,,,,,,,
OX,,---,,,,,,,,,,,
pancake,,peepankihšinki,papankihšin-,it is made flat,,,,,,,,metonymy: associated attribute or action,
PAPER,"newspaper, letter, paper",mahsinaakani,mahsinaham-,"owe it, buy it on credit",,,,,-aakan,instrumental,derivation: secondary,metonymy: associated action,
PEACH,,peeweeyocia,,,,,,,,,,,
PEAS,,aleciimin-,,,,,,,,,,,
pencil,pencil (lead),aloonhsi awikataakani,,,,,,,,,,,
piano,"piano, organ",noontaahkonaakani,noontaahkonaakan-,woodlike thing that makes a noise by action of hands,,,,,-aakan,instrumental,derivation: secondary,metonymy: associated action,
PIG,,koohkooša,,,,,,,,,,,
PISTOL,,papikwaanihsi,papikwan-,gun,,,,,,diminutive,derivation: secondary,,
"pop, soda",,---,,,,,,,,,,,
refrigerator,,---,,,,,,,,,,,
RIBBON,"it is flat string, thread, ribbon",peepankišaapiikahki,papankišaapiikat-,it is flat and stringlike,,,,,,,,,
RICE,"oats/wheat; oats, rice, wheat","aloomini, naloomini, laloomina, maloomini",,,,,,,,,,,modern community dictionary has settled on naloomina for rice
RICH,"he is rich, wealthy",taleewa,talee-,"rich, wealthy",,,,,,,,,
ripsaw,,---,,,,,,,,,,,
ROOSTER,"male bird, rooster","kiihcia, kiihciiwa, kiihciinsa",,,,,,,,,,,
ROOSTER,,kiihcia pileewa,,,,,,,,,,,
rutabaga,,---,,,,,,,,,,,
SATURDAY,,kaakaathsokone pooni-kiišikahki,,sixth day of the week,,,,,,,,,
saw,,"kiihkahaakani, kiihkišaakani",kiihkišam-,"cut it, notch it with a knife",,,,,-aakan,instrumental,derivation: secondary,metonymy: associated action,
saw,handsaw,kiihkihpotaakani,kiiskihpotoo-,i saw it crosswise,,,,,-aakan,instrumental,derivation: secondary,metonymy: associated action,
SCHOOL,schoolhouse,"nipoontiikaani, nipwaantiikaani, neepwaantiikaani",nepwaam-,teach him/her,,,,,-aakan,instrumental,derivation: secondary,metonymy: associated action,"these terms go back to Gatschet & Dunn, but modern speech community settled on nipwaantiikaani"
SCISSORS,"scissors, sickle, scythe, reaper","moošwaakani, moošwaakanti, moošaakani",moošam-,cut it (hair),,,,,-aakan,instrumental,derivation: secondary,metonymy: associated action,"Dunn says Oklahoma Miamis use moošwaakanti for 'scissors' and moošwaakati for 'scythe, sickle, and mowing machine'; modern speech community settled on moošwaakanti; Illinois era documenters found a word <8e8entinagane> or <8i8intinagane> which has not yet been deciphered"
screwdriver,,---,,,,,,,,,,,
SHEEP,sheep (Ovis aries),waapi-moohswa,waapi-moohsw-,white deer,,,,,,,compounding,semantic extension & metonymy: associated feature (color),
shoe,"shoe, moccasin",mahkisini,mahkisen-,"shoe, moccasin",,,,,,,---,semantic extension,
SHOVEL,"hoe, shovel",moonahaakani,moonaham-,"dig it, cultivate it",,,,,-aakan,instrumental,derivation: secondary,metonymy: associated action,
SHOVEL,"adze, shovel",waalahaakani,waalahaakan-,"instrument for hollowing, excavating",waalaham-,"hollow it out, excavate it (by instrument)",,,-aakan,instrumental,derivation: secondary,metonymy: associated action,
"sled, toboggan","sled, sleigh",ciimwiki,cf. ciimaani,"paddle, oar",,,,,,,,,
"sled, toboggan","sled, sleigh",peepakita ciimwiki,peepakita ciimwik-,it is a flat sled,,,,,,,compounding,,
slow cooker,,---,,,,,,,,,,,
snow plow,,---,,,,,,,,,,,
SOAP,,"waapahaakani, waapinaakani",šimaakan-,"lance, spear",,,,,,,,,
SOLDIER,,šimaakaneehsia,,,,,,,,,,,
Spaniard,"Spanird, Mexican","iihpaawala, iihpaayoolwa, iihpawilookia",,,,,,,,,,,
SPOON,,eehsa,eehs-,a shell,,,,,,,,,
SPOON,,kookaani,,,,,,,,,,,
stamp (postage),,---,,,,,,,,,,,
starch (V),,---,,,,,,,,,,,
STORE/SHOP,,ataaweekaani,ataawee-,"he/she trades, sells",,,,,,,,,
stove,,kišaaphkaahkosaakani,,,,,,,,,,,
SUGAR,,paankosikani,paankosam-,he/she boils it down,,,,,,,,,
Swede,,---,,,,,,,,,,,
TABLE,,,,,,,,,,,,,
TEA,,,,,,,,,,,,,
telephone,,kiipihkataapiikwi eehi-'hkwa aayaacimwihtaatinki,,wire for speaking into,,,,,,,compounding,metonymy: associated action,Gatschet
THREAD,"thread, cord, hemp; thread","masaana, masaani",masaan-,"thread, cord, hemp, rope",,,,,,,,semantic extension,
tire,,ahkana,ahkan-,"his/her bone, leg",,,,,,,---,semantic extension,
toaster,,---,,,,,,,,,,,
tomato,"tomato (cranberry, cherry)",neehpikiciiki,neehpikicii-,"it is red bodied, red and round",niihpik-,red,,,-ecii,"body, round",,,modern speech community has settled on this form meaning tomato and the form for cranberry having a final long /i:/; Gatschet gives this form as also meaning cherry
TOWN,,minooteeni,,,min-,be apart,,,-oote,dwell together as a group,derivation: primary,metonymy: associated action,Costa cites Goddard 1993:214 here
train,,aahkoleeki šoohkwaakani,smoking sled/wagon,,aahkoleeki-,it is smoking,,,,,,metonymy: associated action,
train,,(is)koteewi šoohkwaakani,fire sled/wagon,,(is)koteew-,fire,,,,,,metonymy: associated action,
TURNIP,,waawiyiihpina,waawiyiihpin-,it is a round potato,waawiy-,round,,,,,,,
TURNIP,,meekwaaki,,,,,,,,,,,Dunn says this means 'cabbage' in Eastern Miami but 'turnip' in Wea and Western Miami
type (V),,---,,,,,,,,,,,
violin,"violin, guitar, fiddle",noontaahkwaapiikahaakani,noontaahkwaapiikahaakan-,,,,,,,,,,
WAGON,,,,,,,,,,,,,
washing machine,,---,,,,,,,,,,,
WATERMELON,,iihkihtaminki,iihkihtamin-,berry eaten raw,,,,,-imin,berry,derivation: secondary,metonymy: associated action,
WEDNESDAY,,nihsokone pooni-kiišikahki,nihsokone pooni-kiišikat-,it is the third day,,,,,,,,,
WHEAT,"oats/wheat; oats, rice, wheat","aloomini, naloomini, laloomina, maloomini",,,,,,,,,,,
WHEAT,wild oats or french wheat,mahkihkiwa miincipi,,medicine corn,,,,,,,,,Illinois era
WHEAT,"flour, wheat flour, wheat","noohkimini, noohkimina, loohkimini, loohkimina",noohkimin-,soft berry,noohk-,soft,,,-imin,berry,derivation: secondary,metonymy: associated sensation (touch),
whiskey,,"wiiski, wiiški",,,,,,,,,borrowing,---,
whiskey,"brandy, whiskey, alcohol","(is)koteewaapowi, (is)koteeyaawaapowi",iskoteewaapow-,fire-liquid,iskotew-,fire,,,-aapow,liquid,derivation: secondary,metonymy: associated sensation (taste),
white people,one who has/wears a hat,eetéhtolenia,atehtoleni-,wear a hat,,,,,,,derivation: primary,metonymy: associated artifact (alienable),
WINDOW,,poohkišaakani,poohkišaakan-,thing for cutting a hole OR thing with a hole in it,poohkiš-,cut a hole in it,,,-aakan,instrument,,,"in oldest records this only refers to a lancet/borer/instrument for making a hole, whereas in later records it refers to a window"
WINDOW,,poohkwaanteemi,poohkwaanteem-,hole-door,poohk-,hole,,,-kwaanteem,"door, gate",,,Le Boullenger recorded in Illinois era records; current community word for 'window' only meant 'tool for making a hole'
"wine, grape juice",,aahsanteepakwaapowi,aahsanteepakwaapow-,grape liquid,aahsanteepak-,grape,,,-aapow,liquid,derivation: secondary,,
wrench,,---,,,,,,,,,,,
wringer (on a washing machine),,---,,,,,,,,,,,