English word,Source definition(s),NE Cree word,Stem form,Stem definition,Initial,Initial definition,Medial,Medial definition,Final,Final definition,Grammatical Strategy,Semantic Strategy,Comments
African-American person,black person,wiyipaashtikushiiu,[wiyipisiu],[s/he is black],,,,,,,??,metonymy: associated feature (color),
African-American person,black person,wiyipiiyiyiu,[wiyipisiu],[s/he is black],,,,,,,??,metonymy: associated feature (color),
American / white person,,mishimuhkumaan,[mishaau + muuhkumaan],[it is big + knife],,,,,,,compounding?,metonymy: associated attribute (artifact),"""literally 'big knife'"""
APPLE,,waapimin,,,(waap- (?)),(white (?)),,,-min,"berry, fruit, pit, bead",derivation: primary (?),metonymy: associated feature (color)?,link to nominalizations
APRICOT,,---,,,,,,,,,---,---,link-1 to participles
Asian person,,---,,,,,,,,,---,---,
baby,"new baby, newborn",ushkiwaashish,[cf. (ushki?) + awaash,new + child,,,,,-sh,diminutive,derivation: secondary,??,link-2 to participles
banana,,kaawaakaaskuhch,waakaask(-u)?,it (stick-like) is bent,,,,,-ch,participle,Participle formation,metonymy: associated feature (shape),link-3 to participles
BARLEY,,---,,,,,,,,,---,---,
bear interest (money),,---,,,,,,,,,---,---,
beer,,kaapiishtaaupiyishich,piishtaaupiyiu,"it foams up (AI, II)",,,,,,,Participle formation,metonymy: associated action,
BEET,,---,,,,,,,,,---,---,
bicycle,,tihtipiwepuhuusuwaakan,,,,,,,-kan,nominalizer,derivation: secondary,??,
"bison, buffalo",,---,,,,,,,,,---,---,
BOARD,wooden board,nipikaahtikw,napak-/napach-?,flat?,,,,,-aahtikw?,wood?,derivation: secondary,metonymy: associated feature (shape) + substance?,
BOOK,"letter, book",misinihiikin,[cf. misinihiichaau],[s/he writes],,,,,-kin,nominalizer,derivation: secondary,metonymy: associated action,"-kin called ""concrete final"" but no meaning given"
BOTTLE,"glass bottle, jar",piywaapiskuyaakin,piywa + -apisk- (M) or -aapisk (F) + ?,"metal + metal, rock, glass, mineral",,,,,-kin,nominalizer,derivation: secondary,metonymy: associated substance (?),
BOX,wooden box,mishtikuwit,,,mishtik (?),wooden (?),,,,,??,metonymy: associated substance (?),
BREAD,,piiswaayaaihkunaau,,,,,,,,,??,??,
bucksaw,"saw, bucksaw",chimipuchikin,,,,,,,-kin,nominalizer,derivation: secondary,??,
BULL,,---,,,,,,,,,---,---,
BUTTER,,pit,,,,,,,,,borrowing,---,from English (interesting truncation) or from French beurre?
BUTTON,,sichipaasun,,,,,,,,,??,??,
CABBAGE,,---,,,,,,,,,---,---,
CALF,,---,,,,,,,,,---,---,
Canadian person,,---,,,,,,,,,---,---,
cancer,,---,,,,,,,,,---,---,
CANDLE,"lamp, light, candle",waashtaanimaakin,,,,,,,-kin,nominalizer,derivation: secondary,??,
CANDLE,wax candle,kaapimiiwaaskuhch,,,,,,,,,??,??,
car,,uchaapaanish,,,,,,,-sh (?),diminutive (?),derivation: secondary (?),??,
car,,utaapaanaaskw,,,,,,,,,??,??,
casino,,---,,,,,,,,,---,---,
cast-iron pot,,nipikischihkw,,,nipik-,flat?,,,-ischihkw,"kettle, pail ?",??,metonymy: associated feature (shape) (?),
CAT,,puushii,,,,,,,,,borrowing,---,from English
CHEESE,,---,,,,,,,,,---,---,
CHICKEN,,paahkihaakwaan,,,,,,,,,onomatopoeia,Metonymy: associated sensation (sound),
cigarette,,kaachisikaahkisut,chisik(?),pole(?),,,,,,,Participle formation,??,
CLOCK/WATCH,,piisimuhkaan,[cf. piisimuu],[cf. 'sun is still shining before sunset'],,,,,,,??,??,
COFFEE,,kwaahpii,,,,,,,,,borrowing,---,from English
COLT,,---,,,,,,,,,---,---,
compass,,kaachiiwaatikupiyit,chiiwaau(?),s/he goes home (?),,,,,,,participle formation,??,
computer,,nitwaapihchikin,,,,,,,-kin,nominalizer,derivation: secondary,??,
cookie,,aaihkunaashish,[cf. aaihkunaau],"[bannock, cake]",,,,,-sh,diminutive,derivation: secondary,??,
CORIANDER,,---,,,,,,,,,---,---,
COW,,mistisu,,,,,,,,,??,??,
crosscut saw,,---,,,,,,,,,---,---,
CUP,"cup, glass",minihkwaakin,minihkwaau,s/he drinks,,,,,-kin,nominalizer,derivation: secondary,metonymy: associated action,
diaper,,aasiyaan,,,,,,,,,??,??,
DONKEY,,---,,,,,,,,,---,---,
doughnut,,---,,,,,,,,,---,---,
drill,,pikunaahiikin,pikunaahim,s/he makes a hole in it using a tool,,,,,-kin,nominalizer,derivation: secondary,metonymy: associated action,
elephant,,---,,,,,,,,,---,---,
elevator,,kaaiskwaahtiwaapiyich,[-piyi],[move],,,,,,,participle formation,??,
European person,,---,,,,,,,,,---,---,
fish with a hook and line,,uchikwaachichaau,,,,,,,,,??,??,
FLOUR,,pihkwaashikinich,[pihkwaa- + ? + -kin],[piece? + ? + nominalizer],,,,,,diminutive?,??,??,
FORK,,chihkihaamaapun,,,,,,,,,??,??,
FORK,"fork, hypodermic needle, piercing tool",chiishtihiikin,[cf chiishtiham],[s/he pricks it; s/he roasts meat on a stick],,,,,-kin,nominalizer,derivation: secondary,metonymy: associated action,
French person,,pishtikwaayaau,,,,,,,,,??,??,
frying pan,,paanischihkw,,,paan-,open? maybe borrowed?,,,-ischihkw,"kettle, pail ?",derivation: primary?,??,
GARLIC,,---,,,,,,,,,---,---,
German person,,---,,,,,,,,,---,---,
German shepherd,,---,,,,,,,,,---,---,
GOAT,,maayutihkush,,,,,,,,diminutive?,??,??,
GRAPES,,miinishh (pl.) < miinish,,,,,,,,diminutive?,---,semantic extension (appearance),probably the dim. of 'berry'
GRAPES,,kaashimushichh,,,,,,,,,---,---,
"grill, roasting frame",,---,,,,,,,,,---,---,
guitar,,paanischihkw,,,,,,,,,---,Semantic extension (shape),cf. paanischihkw 'frying pan'
guitar,,kaamihchaatwaapaakimuchh,,,,,,,,,??,??,
gun,,paaschisikin,paaschisikin [< paasch- + -is],"similar to Ojibwe: shoot it [< burst, broken open (esp. of three-dimensional objects) + act on it by heat",,,,,-kin,nominalizer,derivation: secondary,metonymy: associated action,
hammer,"hammer, pounder",utaamihiikin,cf. utaamiham,s/he hits it with something,,,,,-kin,nominalizer,derivation: secondary,metonymy: associated action,
hardware store,,---,,,,,,,,,---,---,
HEN,,---,,,,,,,,,---,---,
HORSE,,aahaas,,,,,,,,,borrowing,---,from English
HOUR,,---,,,,,,,,,---,---,
house,,waaskaahiikin,[cf. waaskaahtaau ??],"[s/he, it (anim) walks around something]",,,,,-kin,nominalizer,derivation: secondary,??,
HUNDRED,,mitaahtumitiniu,cf. mitaahtu,ten,,,,,,,??,??,
ice cream,,---,,,,,,,,,---,---,
internet,,---,,,,,,,,,---,---,
KEY,"key, can opener",aapihiikin,[cf. aapiham],[cf. 's/he opens it'],,,,,-kin,nominalizer,derivation: secondary,metonymy: associated action,
laptop/ipad,laptop computer,nitwaapihchikinish,nitwaapihchikin,computer,,,,,-sh,diminutive,derivation: secondary,metonymy: associated feature (size),
LEMON,,---,,,,,,,,,---,---,
LETTUCE,,---,,,,,,,,,---,---,
MARE,,---,,,,,,,,,---,---,
MATCH,,maachiis,,,,,,,,,borrowing,---,from English
microwave oven,,---,,,,,,,,,---,---,
MILE,"mile, gallon",tipihiikin,[cf. tipiham],"[cf. 's/he pays, measures it']",,,,,-kin,nominalizer,derivation: secondary,metonymy: associated action,
MONEY,,shuwiyaan,,,,,,,,,??,??,
monkey,"mythical beings who resemble monkeys, gorillas",maamaakwaashiu,,,,,,,,,??,??,
MULE,,---,,,,,,,,,---,---,
musical instrument,"musical instrument, stereo",chishtuhchikin,,,,,,,-kin,nominalizer,derivation: secondary,??,
NAIL,,chiistaaskwaan,,,,,,,,,??,??,
NEEDLE,"sewing, hypodermic needle",shaapunikin,,,,,,,-kin,nominalizer,derivation: secondary,??,
Norwegian person,,---,,,,,,,,,---,---,
OATS,rolled oats,ayuuminich,,,,,,,,,??,??,
office,"office, post office",misinihiichaaukimikw,[cf. misinihiichaau],[s/he writes],,,,,[-kimikw],[presumably the building final],derivation: secondary,metonymy: associated action,
ONION,,wiikishkw,,,,,,,,,??,??,
ORANGE,,kaashiiupaakihch,,,,,,,,,??,??,
OX,,---,,,,,,,,,---,---,
pancake,,paanikiik,,,,,,,,,borrowing,---,from English
PAPER,,misinihiikinaachin,[cf. misinihiichaau],[s/he writes],,,,,,,??,??,participle?
PEACH,,---,,,,,,,,,---,---,
PEAS,,---,,,,,,,,,---,---,
pencil,"pencil, pen",misinihiikinaahtikw,[cf. misinihiichaau],[s/he writes],,,,,[-aahtikw],[presumably the wood final?],derivation: secondary (?),metonymy: associated action (?),
piano,,---,,,,,,,,,---,---,
PIG,"pig, salt pork",kuuhkuush,,,,,,,,,,,[see other lg's]
PISTOL,,---,,,,,,,,,---,---,
"pop, soda",,---,,,,,,,,,---,---,
refrigerator,"ice house, refrigerator, freezer",miskumiiukimikw,[ice-house],,,ice,,,,house,derivation: primary,??,
RIBBON,,alipin,,,,,,,,,borrowing,---,from English [or French?]
RICE,,ushkwaashishich,,,,,,,,,??,??,
RICH,,---,,,,,,,,,---,---,
ripsaw,,---,,,,,,,,,---,---,
ROOSTER,,---,,,,,,,,,---,---,
rutabaga,,---,,,,,,,,,---,---,
SATURDAY,Saturday (vii),maatiniwaachiishikaau,[cf. maatiniwaau],"[cf. s/he serves out food, deals out cards, distributes something]",[cf. chiishik-],"[sky, day]",,,,,??,metonymy: associated action (?),
saw,,chiishchipuchikin,,,,,,,-kin,nominalizer,derivation: secondary,,
SCHOOL,,chiskutimaatuukimikw,,,,,,,,,,,
SCISSORS,,sisis,,,,,,,,,borrowing,,from English
screwdriver,,---,,,,,,,,,---,---,
SHEEP,"lamb, sheep",maanishchaanish,,,,,,,-sh (?),diminutive (?),derivation: secondary (?),??,
shoe,"shoes, boots",mischisinh (pl.),,,,,,,,,??,??,
SHOVEL,snow shovel,mikaaihiikin,[cf. mikaaihtim],[cf. s/he shovels the snow out],,,,,-kin,nominalizer,derivation: secondary,metonymy: associated action (?),
"sled, toboggan",sled,taatiyaakinaaskw,,,,,,,,,??,??,
slow cooker,,---,,,,,,,,,---,---,
snow plow,,---,,,,,,,,,---,---,
SOAP,,suup,,,,,,,,,borrowing,---,from English
SOLDIER,,nitupiyiu,[cf. nitupiyiu],[cf. s/he is a soldier],,,,,,,??,??,
Spaniard,,---,,,,,,,,,---,---,
SPOON,,aamihkwaan,[cf. aamiham],[cf. s/he knocks it down or off with something],,,,,,,??,??,
stamp (postage),,---,,,,,,,,,---,---,
starch (V),,---,,,,,,,,,---,---,
STORE/SHOP,,ataawaaukimikw,,,ataawaau?,s/he sells,,,-kimikw ?,"house, building final?",derivation: primary?,metonymy: associated action,literally 'building for selling'
stove,"stove, furnace, fireplace",chisaapischisaawaan,,,,,,,,,??,??,
SUGAR,,shuukaau,,,,,,,,,borrowing,---,from English
Swede,,---,,,,,,,,,---,---,
TABLE,,miichisuunaahtikw,miichisuu,"s/he, it (anim) eats",,,,,-aahtikw,"wood, stick-like",derivation: secondary (?),metonymy: associated action,
TEA,,tii,,,,,,,,,borrowing,---,from English
telephone,,---,,,,,,,,,---,---,
THREAD,embroidery thread,mishinishtihiikinaayaapii,,,,,,,waayaapii,"appears in ‘wire-like’, ‘rope-like’, or ‘vein-like’",??,??,
THREAD,sewing thread,kischikwaasuwinaayaapii,kischikwaasuu,s/he sews,,,,,waayaapii,"appears in ‘wire-like’, ‘rope-like’, or ‘vein-like’",derivation: secondary (?),metonymy: associated action,
tire,"tire, wheel",kaatihtipiyich,[cf. tihtipinim],[cf. s/he rolls it over and over],,,,,,,Participle formation (?),metonymy: associated action,
toaster,,---,,,,,,,,,---,---,
tomato,,---,,,,,,,,,---,---,
TOWN,"town, village, city, hunting territory",ihtaawin,ihtaau (AI),"it (an.) is here, there, exists",,,,,-win,nominalizer,derivation: secondary,metonymy: associated state (?),
train,"load for hauling, train",utaapaan,[cf. utaapaau],[cf. s/he pulls a load],,,,,,,??,metonymy: associated action (?),
TURNIP,,---,,,,,,,,,---,---,
type (V),,misinihiichaapiyihtaau,[cf. misinihiichaau],[s/he writes],,,,,,,??,??,
violin,"violin, fiddle",kaasinikwaapaakihiikiniwich,[cf. sinikwaapiiu],[cf. s/he rubs her/his own eyes],,,-aapaak-,string-like',,,participle formation,metonymy: associated action (?),
WAGON,,---,,,,,,,,,---,---,
washing machine,"washing machine, washboard",kaachistaapaawichichaapiyich,,,,,,,,,participle formation,??,
WATERMELON,,---,,,,,,,,,---,---,
WEDNESDAY,"it is Wednesday, half of it is left (vii)",aapihtiwin,[cf. aapihtiu],[cf. half],,,,,,,??,??,
WHEAT,,---,,,,,,,,,---,---,
whiskey,,---,,,,,,,,,---,---,
white people,white man,waamishtikushiiu,,,,,,,,,---,---,
WINDOW,,waasaanihtaakin,,,,,,,-kin,nominalizer,derivation: secondary,??,
"wine, grape juice",,shuuminaapui,[cf. shuuminish],"[cf. raisin, currant, prune]",,,,,-aapui,"broth, liquid",derivation: secondary (?),metonymy: associated substance,
wrench,"vice, pliers, wrench",tihkumuchikin,[cf. tihkumaau],"[cf. s/he, it (anim) holds it (anim) in her/his, its (anim) teeth, mouth]",,,,,-kin,nominalizer,derivation: secondary,metonymy: associated action,
wringer (on a washing machine),wringer on a washer,siinipaatihiikin,[cf. siinipaatishkim],"[cf. s/he squeezes liquid out of it, by foot/body]",,,,,-kin,nominalizer,derivation: secondary,metonymy: associated action,